"";"FIELD_NAME";"CODE";"NAME";"CODE_URL"
"1";"TAXA";49131;"Myosotis";"https://www.inaturalist.org/observations/112251029"
"2";"TAXA";347293;"Podisma pedestris";"https://www.inaturalist.org/observations/111465521"
"3";"TAXA";605053;"Arctia flavia";"https://www.inaturalist.org/observations/111461016"
"4";"TAXA";61293;"Thaumetopoea pityocampa";"https://www.inaturalist.org/observations/110741911"
"5";"TAXA";64616;"Aurinia saxatilis";"https://www.inaturalist.org/observations/110741164"
"6";"TAXA";76301;"Chorispora tenella";"https://www.inaturalist.org/observations/110741090"
"7";"TAXA";159827;"Caragana arborescens";"https://www.inaturalist.org/observations/110740554"
"8";"TAXA";56174;"Echium vulgare";"https://www.inaturalist.org/observations/110568629"
"9";"TAXA";488793;"Oreochloa disticha";"https://www.inaturalist.org/observations/110024239"
"10";"TAXA";357948;"Micranthes stellaris";"https://www.inaturalist.org/observations/110024238"
"11";"TAXA";740827;"Jacobaea carniolica";"https://www.inaturalist.org/observations/110024237"
"12";"TAXA";473679;"Cerastium uniflorum";"https://www.inaturalist.org/observations/110024236"
"13";"TAXA";899109;"Euphrasia hirtella";"https://www.inaturalist.org/observations/110024235"
"14";"TAXA";486033;"Saxifraga bryoides";"https://www.inaturalist.org/observations/110024234"
"15";"TAXA";162543;"Erigeron uniflorus";"https://www.inaturalist.org/observations/110024233"
"16";"TAXA";209374;"Sedum alpestre";"https://www.inaturalist.org/observations/110024231"
"17";"TAXA";132608;"Linaria alpina";"https://www.inaturalist.org/observations/110024230"
"18";"TAXA";740827;"Jacobaea carniolica";"https://www.inaturalist.org/observations/110024226"
"19";"TAXA";170185;"Veronica alpina";"https://www.inaturalist.org/observations/110024225"
"20";"TAXA";208915;"Leucanthemopsis alpina";"https://www.inaturalist.org/observations/110024224"
